,date,description,language,source,text,title,url,title_compound,title_pos,title_neu,title_neg,title_sent,text_compound,text_pos,text_neu,text_neg,text_sent,tokens
0,2022-06-16,Many market participants think the highly anticipated Ethereum Merge will be bullish for ETH. The opposite is more likely.,en,"{'id': None, 'name': 'CoinDesk'}","I don't usually make short-term prognostications about asset prices. But occasionally financial markets lob a fat pitch.
Well-followed traders of digital assets, such as Arthur Hayes, Marc Cuban and… [+4169 chars]",Sell the Ethereum Merge,https://www.coindesk.com/tech/2022/06/16/sell-the-ethereum-merge/,0.0,0.0,1.0,0.0,0,0.4215,0.123,0.877,0.0,1,"['usually', 'make', 'short-term', 'prognostication', 'asset', 'price', 'occasionally', 'financial', 'market', 'lob', 'fat', 'pitch', 'Well-followed', 'trader', 'digital', 'asset', 'Arthur', 'Hayes', 'Marc', 'Cuban', 'and…', '+4169']"
1,2022-07-05,"Despite the Merge edging closer, Bitmain is releasing an Ethereum ASIC.",en,"{'id': None, 'name': 'CoinDesk'}","Please note that ourprivacy policy,terms of use,cookies, anddo not sell my personal informationhas been updated.
The leader in news and information on cryptocurrency, digital assets and the future o… [+556 chars]",Bitmain to Start Selling New Ethereum Mining Rig Model Tomorrow,https://www.coindesk.com/tech/2022/07/05/bitmain-to-start-selling-new-ethereum-mining-rig-model-tomorrow/,-0.128,0.0,0.857,0.143,-1,0.4588,0.121,0.879,0.0,1,"['Please', 'note', 'ourprivacy', 'policy', 'term', 'use', 'cooky', 'anddo', 'sell', 'personal', 'informationhas', 'updated', 'leader', 'news', 'information', 'cryptocurrency', 'digital', 'asset', 'future', 'o…', '+556']"
2,2022-07-06,Proposer-builder separation is one way Ethereum is implementing modular decentralization.,en,"{'id': None, 'name': 'CoinDesk'}",Post-Merge Ethereum will trigger a paradigm shift thats much more far-reaching than a mere switch from proof-of-work to proof-of-stake. Adopting a modular approach at the infrastructure level may ush… [+8789 chars],Are Block Builders the Key to Solving Ethereum’s MEV Centralization Woes?,https://www.coindesk.com/layer2/2022/07/06/are-block-builders-the-key-to-solving-ethereums-mev-centralization-woes/,-0.5267,0.148,0.494,0.358,-1,0.0,0.0,1.0,0.0,0,"['Post-Merge', 'Ethereum', 'trigger', 'paradigm', 'shift', 'thats', 'much', 'far-reaching', 'mere', 'switch', 'proof-of-work', 'proof-of-stake', 'Adopting', 'modular', 'approach', 'infrastructure', 'level', 'may', 'ush…', '+8789']"
3,2022-06-29,"By ditching Ethereum for Cosmos, dYdX has sparked claims that it has chosen sovereignty over security.",en,"{'id': None, 'name': 'CoinDesk'}","Last week, crypto derivatives exchange dYdX announced that it will be leaving the Ethereum ecosystem and launching its own blockchain within the Cosmos ecosystem. According to dYdXs founder, a new ch… [+13704 chars]",A Major Crypto Exchange Abandons Ethereum: Is the World’s Computer Falling Behind?,https://www.coindesk.com/layer2/2022/06/29/a-major-crypto-exchange-abandons-ethereum-is-the-worlds-computer-falling-behind/,-0.4404,0.0,0.698,0.302,-1,0.0,0.0,1.0,0.0,0,"['Last', 'week', 'crypto', 'derivative', 'exchange', 'dYdX', 'announced', 'leaving', 'Ethereum', 'ecosystem', 'launching', 'blockchain', 'within', 'Cosmos', 'ecosystem', 'According', 'dYdXs', 'founder', 'new', 'ch…', '+13704']"
4,2022-07-13,"The skateboarder's foray into the metaverse will take place in The Sandbox, an Ethereum-based virtual land game.",en,"{'id': None, 'name': 'CoinDesk'}","Please note that ourprivacy policy,terms of use,cookies, anddo not sell my personal informationhas been updated.
The leader in news and information on cryptocurrency, digital assets and the future o… [+556 chars]",Tony Hawk Skates Into the Metaverse With ‘Largest Virtual Skatepark Ever Made’,https://www.coindesk.com/business/2022/07/13/tony-hawk-skates-into-the-metaverse-with-largest-virtual-skatepark-ever-made/,0.0,0.0,1.0,0.0,0,0.4588,0.121,0.879,0.0,1,"['Please', 'note', 'ourprivacy', 'policy', 'term', 'use', 'cooky', 'anddo', 'sell', 'personal', 'informationhas', 'updated', 'leader', 'news', 'information', 'cryptocurrency', 'digital', 'asset', 'future', 'o…', '+556']"
5,2022-06-16,The Configurable Asset Privacy on Ethereum smart contract application launches three months after a $32 million funding round.,en,"{'id': None, 'name': 'CoinDesk'}","Espresso Systems, a scaling and privacy system for Web 3 applications, has launched its first product in testnet. Configurable Asset Privacy on Ethereum (CAPE) is a smart contract application that le… [+3187 chars]",Espresso Systems Launches Testnet of CAPE Privacy Product,https://www.coindesk.com/business/2022/06/16/espresso-systems-launches-testnet-of-cape-privacy-solution/,0.0,0.0,1.0,0.0,0,0.6908,0.199,0.801,0.0,1,"['Espresso', 'Systems', 'scaling', 'privacy', 'system', 'Web', '3', 'application', 'launched', 'first', 'product', 'testnet', 'Configurable', 'Asset', 'Privacy', 'Ethereum', 'CAPE', 'smart', 'contract', 'application', 'le…', '+3187']"
6,2022-06-30,"Nansen, a crypto analytics company, is adding support for Solana NFTs in a win for the Ethereum competitor.",en,"{'id': None, 'name': 'CoinDesk'}","On-chain analytics platform Nansen is adding to its toolkit of non-fungible token (NFT) analytics, announcing Thursday that its long-awaited Solana integration is live.
The data, which includes trad… [+1604 chars]","Nansen to Track Solana NFT Data Amid Boom in Minting, Trading Activity",https://www.coindesk.com/business/2022/06/30/nansen-to-track-solana-nft-data-amid-boom-in-minting-trading-activity/,0.0,0.0,1.0,0.0,0,0.0,0.0,1.0,0.0,0,"['On-chain', 'analytics', 'platform', 'Nansen', 'adding', 'toolkit', 'non-fungible', 'token', 'NFT', 'analytics', 'announcing', 'Thursday', 'long-awaited', 'Solana', 'integration', 'live', 'data', 'includes', 'trad…', '+1604']"
7,2022-06-25,"Cryptocurrencies got some respite this week, with Solana eyeing further upside but Ethereum, Polkadot and Cardano facing greater technical hurdles.",en,"{'id': None, 'name': 'Yahoo Entertainment'}","Key Points
<ul><li>Cryptocurrency markets have enjoyed a much-needed recovery this week as markets pared back somewhat on hawkish Fed bets.
</li><li>Bitcoin was last trading in the mid-$21,000s and… [+4645 chars]","SOL Breaks Above Key Downtrend and 21DMA, Eyes Rally to $60 as ETH Pushes Above $1.2K",https://finance.yahoo.com/news/sol-breaks-above-key-downtrend-092633534.html,0.0,0.0,1.0,0.0,0,0.5106,0.105,0.895,0.0,1,"['Key', 'Points', 'ul', 'li', 'Cryptocurrency', 'market', 'enjoyed', 'much-needed', 'recovery', 'week', 'market', 'pared', 'back', 'somewhat', 'hawkish', 'Fed', 'bet', '/li', 'li', 'Bitcoin', 'last', 'trading', 'mid-', '21,000s', 'and…', '+4645']"
8,2022-06-27,"Singapore-based metaverse lending protocol XCarnival recovered 1,467 ether following an exploit that saw a hacker siphon 3,087 ETH out of the platform.",en,"{'id': None, 'name': 'CoinDesk'}","Please note that ourprivacy policy,terms of use,cookies, anddo not sell my personal informationhas been updated.
The leader in news and information on cryptocurrency, digital assets and the future o… [+556 chars]","Ethereum Lending Protocol XCarnival Hit With $3.8M Exploit, Recovers 50%",https://www.coindesk.com/business/2022/06/27/ethereum-lending-protocol-xcarnival-hit-with-38m-exploit-recovers-50/,-0.1027,0.0,0.865,0.135,-1,0.4588,0.121,0.879,0.0,1,"['Please', 'note', 'ourprivacy', 'policy', 'term', 'use', 'cooky', 'anddo', 'sell', 'personal', 'informationhas', 'updated', 'leader', 'news', 'information', 'cryptocurrency', 'digital', 'asset', 'future', 'o…', '+556']"
9,2022-07-13,The Ethereum scaling tool is one of six companies selected by the media and entertainment giant to be a part of its new program.,en,"{'id': None, 'name': 'CoinDesk'}","Please note that ourprivacy policy,terms of use,cookies, anddo not sell my personal informationhas been updated.
The leader in news and information on cryptocurrency, digital assets and the future o… [+556 chars]","Polygon Joins Disney’s ‘Accelerator Program’ to Develop AR, NFT and AI Experiences",https://www.coindesk.com/business/2022/07/13/polygon-joins-disneys-accelerator-program-to-develop-ar-nft-and-ai-experiences/,0.0,0.0,1.0,0.0,0,0.4588,0.121,0.879,0.0,1,"['Please', 'note', 'ourprivacy', 'policy', 'term', 'use', 'cooky', 'anddo', 'sell', 'personal', 'informationhas', 'updated', 'leader', 'news', 'information', 'cryptocurrency', 'digital', 'asset', 'future', 'o…', '+556']"
10,2022-07-06,"The Sepolia proof-of-work chain successfully merged with its proof-of-stake chain on Wednesday, taking Ethereum one step closer to its own Merge moment.",en,"{'id': None, 'name': 'CoinDesk'}","Please note that ourprivacy policy,terms of use,cookies, anddo not sell my personal informationhas been updated.
The leader in news and information on cryptocurrency, digital assets and the future o… [+556 chars]",Ethereum's Sepolia Testnet Successfully Transitions to Proof-of-Stake,https://www.coindesk.com/tech/2022/07/06/ethereums-sepolia-testnet-successfully-transitions-to-proof-of-stake/,0.4939,0.348,0.652,0.0,1,0.4588,0.121,0.879,0.0,1,"['Please', 'note', 'ourprivacy', 'policy', 'term', 'use', 'cooky', 'anddo', 'sell', 'personal', 'informationhas', 'updated', 'leader', 'news', 'information', 'cryptocurrency', 'digital', 'asset', 'future', 'o…', '+556']"
11,2022-07-06,Tech startup Nothing has partnered with Ethereum scaler Polygon to bring non-fungible tokens (NFTs) to its new smartphone Nothing Phone.,en,"{'id': None, 'name': 'CoinDesk'}","Please note that ourprivacy policy,terms of use,cookies, anddo not sell my personal informationhas been updated.
The leader in news and information on cryptocurrency, digital assets and the future o… [+556 chars]",Polygon Joins Solana in Bringing Web3 to Smartphones,https://www.coindesk.com/business/2022/07/06/polygon-joins-solana-in-bringing-web3-to-smartphones/,0.0,0.0,1.0,0.0,0,0.4588,0.121,0.879,0.0,1,"['Please', 'note', 'ourprivacy', 'policy', 'term', 'use', 'cooky', 'anddo', 'sell', 'personal', 'informationhas', 'updated', 'leader', 'news', 'information', 'cryptocurrency', 'digital', 'asset', 'future', 'o…', '+556']"
12,2022-07-13,"Leader in cryptocurrency, Bitcoin, Ethereum, XRP, blockchain, DeFi, digital finance and Web 3.0 news with analysis, video and live price updates.",en,"{'id': None, 'name': 'CoinDesk'}","Nietzsche famously declared, God is dead in the 20th century. But nature abhors a vacuum. In the 21st century, brands like SoulCycle have replaced Catholicism as new secular religions in the West.
W… [+5374 chars]",What Legacy Brands Can Learn From Web3’s Hyper-Cultish Narratives,https://www.coindesk.com/consensus2022/2022/07/13/what-legacy-brands-can-learn-from-web3s-hyper-cultish-narratives/?utm_source=rss&amp;utm_medium=referral&amp;utm_campaign=headlines,0.0,0.0,1.0,0.0,0,-0.6369,0.112,0.701,0.187,-1,"['Nietzsche', 'famously', 'declared', 'God', 'dead', '20th', 'century', 'nature', 'abhors', 'vacuum', '21st', 'century', 'brand', 'like', 'SoulCycle', 'replaced', 'Catholicism', 'new', 'secular', 'religion', 'West', 'W…', '+5374']"
13,2022-07-15,The Merge will see Ethereum switch from the energy-intensive proof-of-work (PoW) consensus mechanism to a more efficient proof-of-stake (PoS) system.,en,"{'id': None, 'name': 'CoinDesk'}","Tim Beiko of the Ethereum Foundation projected this week that the Merge Ethereums long-anticipated transition to a new design might take place the week of Sept. 19.
The Merge will see Ethereum switc… [+2196 chars]",Ethereum’s Merge Projected for September According to 'Soft' Timeline,https://www.coindesk.com/tech/2022/07/15/ethereums-merge-projected-for-september-according-to-soft-timeline/,0.0,0.0,1.0,0.0,0,0.0,0.0,1.0,0.0,0,"['Tim', 'Beiko', 'Ethereum', 'Foundation', 'projected', 'week', 'Merge', 'Ethereums', 'long-anticipated', 'transition', 'new', 'design', 'might', 'take', 'place', 'week', 'Sept.', '19', 'Merge', 'see', 'Ethereum', 'switc…', '+2196']"
14,2022-06-27,"Leader in cryptocurrency, Bitcoin, Ethereum, XRP, blockchain, DeFi, digital finance and Web 3.0 news with analysis, video and live price updates.",en,"{'id': None, 'name': 'CoinDesk'}","Cryptocurrency prices are crashing. The markets are bleeding. Firmsarelaying offworkers. Crypto exchange Coinbase even rescinded accepted job offers, blindsiding would-be employees. But the crypto jo… [+8110 chars]",The Crypto Jobs Boom,https://www.coindesk.com/layer2/futureofworkweek/2022/06/27/the-crypto-jobs-boom/,0.0,0.0,1.0,0.0,0,0.1406,0.056,0.944,0.0,1,"['Cryptocurrency', 'price', 'crashing', 'market', 'bleeding', 'Firmsarelaying', 'offworkers', 'Crypto', 'exchange', 'Coinbase', 'even', 'rescinded', 'accepted', 'job', 'offer', 'blindsiding', 'would-be', 'employee', 'crypto', 'jo…', '+8110']"
15,2022-06-20,"The platform allows buyers and sellers to make transactions using their token of choice, with all non-Ethereum gas fees being refunded.",en,"{'id': None, 'name': 'CoinDesk'}","Decentralized exchange (DEX) aggregator ParaSwap announced Monday its releasing a peer-to-peer non-fungible token (NFT) trading app, the first of its kind on Apples App Store.
The app allows sellers… [+1392 chars]",ParaSwap Launches Peer-to-Peer NFT Trading App,https://www.coindesk.com/business/2022/06/20/paraswap-launches-peer-to-peer-nft-trading-app/,0.0,0.0,1.0,0.0,0,0.5267,0.105,0.895,0.0,1,"['Decentralized', 'exchange', 'DEX', 'aggregator', 'ParaSwap', 'announced', 'Monday', 'releasing', 'peer-to-peer', 'non-fungible', 'token', 'NFT', 'trading', 'app', 'first', 'kind', 'Apples', 'App', 'Store', 'app', 'allows', 'sellers…', '+1392']"
16,2022-06-15,"Leader in cryptocurrency, Bitcoin, Ethereum, XRP, blockchain, DeFi, digital finance and Web 3.0 news with analysis, video and live price updates.",en,"{'id': None, 'name': 'CoinDesk'}","Swan Bitcoin CEO Cory Klippsten has a problem with Celsius.
He believes that the crypto lending platform, which sparked his interest following the collapse of the TerraUSD luna (UST) stablecoin, has… [+3327 chars]",Swan Bitcoin CEO Calls Celsius Withdrawal Freeze ‘So Opaque’,https://www.coindesk.com/coindesk/2022/06/15/swan-bitcoin-ceo-calls-celsius-withdrawal-freeze-so-opaque/?utm_source=rss&amp;utm_medium=referral&amp;utm_campaign=headlines,0.0772,0.247,0.753,0.0,1,-0.4404,0.079,0.765,0.156,-1,"['Swan', 'Bitcoin', 'CEO', 'Cory', 'Klippsten', 'problem', 'Celsius', 'belief', 'crypto', 'lending', 'platform', 'sparked', 'interest', 'following', 'collapse', 'TerraUSD', 'luna', 'UST', 'stablecoin', 'has…', '+3327']"
17,2022-07-07,"The privacy solution, now on mainnet, allows users to interact with popular DeFi apps in a private way.",en,"{'id': None, 'name': 'CoinDesk'}","Embargo: 10 AM EST today
Ethereum privacy solution Aztec Network announced Thursday that Aztec Connect, a bridge that provides a privacy shield for decentralized finance (DeFi) transactions, is now … [+1652 chars]",Aztec Launches DeFi Privacy Bridge Aztec Connect,https://www.coindesk.com/business/2022/07/07/aztec-launches-defi-privacy-bridge-aztec-connect/,0.0,0.0,1.0,0.0,0,0.3182,0.076,0.924,0.0,1,"['Embargo', '10', 'EST', 'today', 'Ethereum', 'privacy', 'solution', 'Aztec', 'Network', 'announced', 'Thursday', 'Aztec', 'Connect', 'bridge', 'provides', 'privacy', 'shield', 'decentralized', 'finance', 'DeFi', 'transaction', '+1652']"
18,2022-06-27,"Bitcoiners aim for ""hyperbitcoinization;"" the world computer is built for ""hyper-regenization.""",en,"{'id': None, 'name': 'CoinDesk'}","In bear markets, blockchain cultures are starkly confronted with what they are. The recent crash revealed decentralized finance (DeFi) markets as a labyrinth of complex financial instruments with con… [+6205 chars]",The One Word That Defines Ethereum’s Goals,https://www.coindesk.com/layer2/2022/06/27/the-one-word-that-defines-ethereums-goals/,0.0,0.0,1.0,0.0,0,-0.5423,0.0,0.862,0.138,-1,"['bear', 'market', 'blockchain', 'culture', 'starkly', 'confronted', 'recent', 'crash', 'revealed', 'decentralized', 'finance', 'DeFi', 'market', 'labyrinth', 'complex', 'financial', 'instrument', 'con…', '+6205']"
19,2022-06-22,The latest delay of Ethereum’s Difficulty Bomb suggests the network’s Merge to proof-of-stake might be a bit further away than hoped.,en,"{'id': None, 'name': 'CoinDesk'}","The crypto sector is rife with liquidations and layoffs, but Ethereum developers continue to chip away toward the Merge the blockchain networks upcoming shift to a new, more energy-efficient mechanis… [+12386 chars]",Ethereum's Gray Glacier (or How I Learned to Stop Worrying and Love the Difficulty Bomb),https://www.coindesk.com/layer2/2022/06/22/ethereums-gray-glacier-or-how-i-learned-to-stop-worrying-and-love-the-difficulty-bomb/,-0.2023,0.198,0.472,0.33,-1,0.0,0.0,1.0,0.0,0,"['crypto', 'sector', 'rife', 'liquidation', 'layoff', 'Ethereum', 'developer', 'continue', 'chip', 'away', 'toward', 'Merge', 'blockchain', 'network', 'upcoming', 'shift', 'new', 'energy-efficient', 'mechanis…', '+12386']"
20,2022-07-07,The tool is one of the first layer 2 services to allow users to withdraw U.S. dollars.,en,"{'id': None, 'name': 'CoinDesk'}","Ethereum scaling solution Immutable X will allow users to receive U.S. dollars in their bank accounts on ether withdrawals, developers said this week.
The ether offramp is available to any developer… [+1389 chars]",Ethereum Scaling Solution Immutable X Will Allow Ether-to-Dollar Withdrawals,https://www.coindesk.com/tech/2022/07/07/ethereum-scaling-solution-immutable-x-will-allow-ether-to-dollar-withdrawals/,0.4939,0.412,0.588,0.0,1,0.4939,0.123,0.877,0.0,1,"['Ethereum', 'scaling', 'solution', 'Immutable', 'X', 'allow', 'user', 'receive', 'U.S.', 'dollar', 'bank', 'account', 'ether', 'withdrawal', 'developer', 'said', 'week', 'ether', 'offramp', 'available', 'developer…', '+1389']"
21,2022-07-05,"Despite the Merge edging closer, Bitmain releases an ethereum ASIC.",en,"{'id': None, 'name': 'Yahoo Entertainment'}","Don't miss CoinDesk's Consensus 2022, the must-attend crypto &amp; blockchain festival experience of the year in Austin, TX this June 9-12.Bitmain, the world's leading manufacturer of bitcoin (BTC) m… [+1488 chars]",Bitmain to Start Selling New Ethereum Mining Rig Model Tomorrow,https://finance.yahoo.com/news/bitmain-start-selling-ethereum-mining-160056157.html,-0.128,0.0,0.857,0.143,-1,0.7831,0.22,0.78,0.0,1,"['miss', 'CoinDesk', 'Consensus', '2022', 'must-attend', 'crypto', 'blockchain', 'festival', 'experience', 'year', 'Austin', 'TX', 'June', '9-12.Bitmain', 'world', 'leading', 'manufacturer', 'bitcoin', 'BTC', 'm…', '+1488']"
22,2022-07-08,"The registrations came on the back of a record-breaking ENS sale, a research firm pointed out.",en,"{'id': None, 'name': 'CoinDesk'}","Ethereum Name Service (ENS) registrations spiked this week as a prominent address sold for hundreds of ether, sparking retail interest.
ENS is a decentralized domain name protocol that runs atop the… [+2243 chars]",Why Ethereum Name Service Is Seeing a Spike in Domain Registrations,https://www.coindesk.com/markets/2022/07/08/why-ethereum-name-service-is-seeing-a-spike-in-domain-registrations/,0.0,0.0,1.0,0.0,0,0.6486,0.155,0.845,0.0,1,"['Ethereum', 'Name', 'Service', 'ENS', 'registration', 'spiked', 'week', 'prominent', 'address', 'sold', 'hundred', 'ether', 'sparking', 'retail', 'interest', 'ENS', 'decentralized', 'domain', 'name', 'protocol', 'run', 'atop', 'the…', '+2243']"
23,2022-07-12,Tokensoft hopes to deploy its platform for user-led token sales on ten chains by the end of the year.,en,"{'id': None, 'name': 'CoinDesk'}","Chain-agnostic token sales platform Tokensoft has successfully deployed Tokensoft V2, a web-3-enabled version of its platform, on Ethereum and Avalanche, the company said in a press release shared wi… [+2423 chars]","Security Token Platform Tokensoft Launches Web-3-Enabled Platform, Tokensoft V2, on Ethereum, Avalanche",https://www.coindesk.com/business/2022/07/12/security-token-platform-tokensoft-launches-web-3-enabled-platform-tokensoft-v2-on-ethereum-avalanche/,0.34,0.179,0.821,0.0,1,0.6808,0.172,0.828,0.0,1,"['Chain-agnostic', 'token', 'sale', 'platform', 'Tokensoft', 'successfully', 'deployed', 'Tokensoft', 'V2', 'web-3-enabled', 'version', 'platform', 'Ethereum', 'Avalanche', 'company', 'said', 'press', 'release', 'shared', 'wi…', '+2423']"
24,2022-06-27,"Moving to PoS will also not solve Ethereum’s scaling problems, the report said.",en,"{'id': None, 'name': 'CoinDesk'}","If Ethereum moves to proof-of-stake (PoS), as planned, it will remove the need for miners, slow demand for graphics processing units (GPUs) and dramatically reduce energy requirements, Morgan Stanley… [+1835 chars]",Morgan Stanley: GPU Demand Likely to Slow if Ethereum Moves to Proof-of-Stake,https://www.coindesk.com/business/2022/06/27/morgan-stanley-gpu-demand-likely-to-slow-if-ethereum-moves-to-proof-of-stake/,-0.128,0.0,0.88,0.12,-1,0.1531,0.064,0.89,0.046,1,"['Ethereum', 'move', 'proof-of-stake', 'PoS', 'planned', 'remove', 'need', 'miner', 'slow', 'demand', 'graphic', 'processing', 'unit', 'GPUs', 'dramatically', 'reduce', 'energy', 'requirement', 'Morgan', 'Stanley…', '+1835']"
25,2022-07-06,The venture capital-backed Porter Finance said the lack of “institutional fixed income DeFi adoption” drove its decision.,en,"{'id': None, 'name': 'CoinDesk'}","Ethereum-based credit platform Porter Finance closed its bond issuance platform, citing a lack of lending demand from the decentralized finance (DeFi) ecosystem, developers said on Wednesday. The mov… [+1464 chars]","Ethereum DeFi Service Porter Finance Shutters Bond Platform, Citing Lack of 'Lending Demand'",https://www.coindesk.com/business/2022/07/06/ethereum-defi-service-porter-finance-shutters-bond-platform-citing-lack-of-lending-demand/,-0.4215,0.0,0.743,0.257,-1,-0.0516,0.08,0.802,0.117,-1,"['Ethereum-based', 'credit', 'platform', 'Porter', 'Finance', 'closed', 'bond', 'issuance', 'platform', 'citing', 'lack', 'lending', 'demand', 'decentralized', 'finance', 'DeFi', 'ecosystem', 'developer', 'said', 'Wednesday', 'mov…', '+1464']"
26,2022-07-07,"The organization will distribute grants in USDC, ETH and SSV tokens.",en,"{'id': None, 'name': 'CoinDesk'}","SSV Decentralized Autonomous Organization (DAO), the organization behind decentralized staking infrastructure ssv.network, will distribute $10 million in grants to development teams working on decent… [+2244 chars]",SSV DAO to Distribute $10M in Grants for Staking Projects Ahead of Ethereum Merge,https://www.coindesk.com/business/2022/07/07/ssv-dao-to-distribute-10m-in-grants-for-staking-projects-ahead-of-ethereum-merge/,0.2263,0.128,0.872,0.0,1,0.2263,0.071,0.929,0.0,1,"['SSV', 'Decentralized', 'Autonomous', 'Organization', 'DAO', 'organization', 'behind', 'decentralized', 'staking', 'infrastructure', 'ssv.network', 'distribute', '10', 'million', 'grant', 'development', 'team', 'working', 'decent…', '+2244']"
27,2022-07-06,Proposer-builder separation is one way Ethereum is implementing modular decentralization,en,"{'id': None, 'name': 'Yahoo Entertainment'}","Don't miss CoinDesk's Consensus 2022, the must-attend crypto &amp; blockchain festival experience of the year in Austin, TX this June 9-12.
Post-Merge Ethereum will trigger a paradigm shift thats mu… [+9046 chars]",Are Block Builders the Key to Solving Ethereum’s MEV Centralization Woes?,https://finance.yahoo.com/news/block-builders-key-solving-ethereum-113000727.html,-0.5267,0.148,0.494,0.358,-1,0.7831,0.22,0.78,0.0,1,"['miss', 'CoinDesk', 'Consensus', '2022', 'must-attend', 'crypto', 'blockchain', 'festival', 'experience', 'year', 'Austin', 'TX', 'June', '9-12', 'Post-Merge', 'Ethereum', 'trigger', 'paradigm', 'shift', 'thats', 'mu…', '+9046']"
28,2022-06-28,The crypto custody firm is enrolling customers for ether staking a few months ahead of Ethereum’s planned transition to a proof-of-stake mechanism.,en,"{'id': None, 'name': 'CoinDesk'}","Institutional crypto custody firm Anchorage Digital is set to introduce ether (ETH) staking for institutions, the company announced Tuesday.
The San Francisco-based federally-chartered cryptocurrenc… [+3206 chars]",Anchorage Digital to Introduce Ether Staking for Institutions as Move to PoS Approaches,https://www.coindesk.com/business/2022/06/28/anchorage-digital-to-introduce-ether-staking-for-institutions-as-move-to-pos-approaches/,0.0,0.0,1.0,0.0,0,0.0,0.0,1.0,0.0,0,"['Institutional', 'crypto', 'custody', 'firm', 'Anchorage', 'Digital', 'set', 'introduce', 'ether', 'ETH', 'staking', 'institution', 'company', 'announced', 'Tuesday', 'San', 'Francisco-based', 'federally-chartered', 'cryptocurrenc…', '+3206']"
29,2022-06-29,"By ditching Ethereum for Cosmos, dYdX has sparked claims that it has chosen sovereignty over security.",en,"{'id': None, 'name': 'Yahoo Entertainment'}","Don't miss CoinDesk's Consensus 2022, the must-attend crypto &amp; blockchain festival experience of the year in Austin, TX this June 9-12.
Last week, crypto derivatives exchange dYdX announced that… [+13959 chars]",A Major Crypto Exchange Abandons Ethereum: Is the World’s Computer Falling Behind?,https://finance.yahoo.com/news/major-crypto-exchange-abandons-ethereum-113000798.html,-0.4404,0.0,0.698,0.302,-1,0.7831,0.22,0.78,0.0,1,"['miss', 'CoinDesk', 'Consensus', '2022', 'must-attend', 'crypto', 'blockchain', 'festival', 'experience', 'year', 'Austin', 'TX', 'June', '9-12', 'Last', 'week', 'crypto', 'derivative', 'exchange', 'dYdX', 'announced', 'that…', '+13959']"
30,2022-07-14,Developers are focused on testing the integration of the MEV boost feature that will be part of the proof-of-stake validator incentives.,en,"{'id': None, 'name': 'CoinDesk'}",Ethereums ninth shadow fork went live as the network continues to test its imminent transition from a proof-of-work to a proof-of-stake consensus model. In preparation for Ethereums merge with the pr… [+2234 chars],Ethereum’s Shadow Fork 9 Goes Live in Lead-up to the Merge,https://www.coindesk.com/tech/2022/07/14/ethereums-shadow-fork-9-goes-live-in-lead-up-to-the-merge/,0.0,0.0,1.0,0.0,0,0.0,0.0,1.0,0.0,0,"['Ethereums', 'ninth', 'shadow', 'fork', 'went', 'live', 'network', 'continues', 'test', 'imminent', 'transition', 'proof-of-work', 'proof-of-stake', 'consensus', 'model', 'preparation', 'Ethereums', 'merge', 'pr…', '+2234']"
31,2022-07-07,"Ethereum is one step closer to its long-awaited software transition, the so-called “merge,” after the quiet completion of its second to last 'dress rehearsal...",en,"{'id': None, 'name': 'Yahoo Entertainment'}","Ethereum is one step closer to its long-awaited software transition, the so-called merge, after the quiet completion of its second to last 'dress rehearsal' on Wednesday.
The Wednesday test in quest… [+3298 chars]",Crypto: Ethereum takes one step closer to major software 'merge',https://finance.yahoo.com/news/crypto-ethereum-closer-major-software-merge-115523001.html,0.0,0.0,1.0,0.0,0,0.0,0.0,1.0,0.0,0,"['Ethereum', 'one', 'step', 'closer', 'long-awaited', 'software', 'transition', 'so-called', 'merge', 'quiet', 'completion', 'second', 'last', ""'dress"", 'rehearsal', 'Wednesday', 'Wednesday', 'test', 'quest…', '+3298']"
32,2022-06-29,The scaling solution allows developers to launch application-specific blockchains on the Polygon network.,en,"{'id': None, 'name': 'CoinDesk'}","Polygon has deployed Avail, a scaling solution for developers to launch unique blockchain applications atop the main Polygon chain and other blockchains.
Avail lead developer Anurag Arjun told CoinD… [+1775 chars]",Polygon Deploys Custom Blockchain Scaling Solution 'Avail',https://www.coindesk.com/tech/2022/06/29/polygon-deploys-custom-blockchain-scaling-solution-avail/,0.3182,0.277,0.723,0.0,1,0.3182,0.073,0.927,0.0,1,"['Polygon', 'deployed', 'Avail', 'scaling', 'solution', 'developer', 'launch', 'unique', 'blockchain', 'application', 'atop', 'main', 'Polygon', 'chain', 'blockchains', 'Avail', 'lead', 'developer', 'Anurag', 'Arjun', 'told', 'CoinD…', '+1775']"
33,2022-07-10,"Despite profit-taking on Sunday amid pre-macro event caution, Ethereum’s technical outlook looks good, with a breakout back towards $1,700 possible.",en,"{'id': None, 'name': 'Yahoo Entertainment'}","Key Points
<ul><li>Cryptocurrencies look set to end what has otherwise been a strong week on a sour note.
</li><li>Ethereum was last down about 4.5% on Sunday, but still has a favorable near-term t… [+5059 chars]","ETH Drops Back Under $1,200 to Probe 21DMA, but Technicals Still Bullish",https://finance.yahoo.com/news/eth-drops-back-under-1-152834611.html,0.0,0.0,1.0,0.0,0,0.743,0.174,0.826,0.0,1,"['Key', 'Points', 'ul', 'li', 'Cryptocurrencies', 'look', 'set', 'end', 'otherwise', 'strong', 'week', 'sour', 'note', '/li', 'li', 'Ethereum', 'last', '4.5', 'Sunday', 'still', 'favorable', 'near-term', 't…', '+5059']"
34,2022-06-16,The Configurable Asset Privacy on Ethereum smart contract application launches three months after a $32 million funding round.,en,"{'id': None, 'name': 'Yahoo Entertainment'}","Don't miss CoinDesk's Consensus 2022, the must-attend crypto &amp; blockchain festival experience of the year in Austin, TX this June 9-12.
Espresso Systems, a scaling and privacy system for Web 3 a… [+3328 chars]",Espresso Systems Launches Testnet of CAPE Privacy Product,https://finance.yahoo.com/news/espresso-systems-launches-testnet-cape-133000490.html,0.0,0.0,1.0,0.0,0,0.7831,0.214,0.786,0.0,1,"['miss', 'CoinDesk', 'Consensus', '2022', 'must-attend', 'crypto', 'blockchain', 'festival', 'experience', 'year', 'Austin', 'TX', 'June', '9-12', 'Espresso', 'Systems', 'scaling', 'privacy', 'system', 'Web', '3', 'a…', '+3328']"
35,2022-06-22,"HOBEU exchange mainly provides safe, professional, and convenient Bitcoin, Ethereum, Binance Coin, Tether, and other high-quality digital asset transaction...",en,"{'id': None, 'name': 'Yahoo Entertainment'}","HOBEU exchange mainly provides safe, professional, and convenient Bitcoin, Ethereum, Binance Coin, Tether, and other high-quality digital asset transaction matching and exchange services for blockcha… [+3430 chars]",HOBEU emerges as the following upcoming crypto exchange in the market,https://finance.yahoo.com/news/hobeu-emerges-following-upcoming-crypto-150000906.html,0.0,0.0,1.0,0.0,0,0.6597,0.178,0.822,0.0,1,"['HOBEU', 'exchange', 'mainly', 'provides', 'safe', 'professional', 'convenient', 'Bitcoin', 'Ethereum', 'Binance', 'Coin', 'Tether', 'high-quality', 'digital', 'asset', 'transaction', 'matching', 'exchange', 'service', 'blockcha…', '+3430']"
36,2022-06-30,"Nansen, a crypto analytics company, is adding support for Solana NFTs in a win for the Ethereum competitor.",en,"{'id': None, 'name': 'Yahoo Entertainment'}","Don't miss CoinDesk's Consensus 2022, the must-attend crypto &amp; blockchain festival experience of the year in Austin, TX this June 9-12.
On-chain analytics platform Nansen is adding to its toolki… [+1745 chars]","Nansen to Track Solana NFT Data Amid Boom in Minting, Trading Activity",https://finance.yahoo.com/news/nansen-track-solana-nft-data-130006101.html,0.0,0.0,1.0,0.0,0,0.7831,0.214,0.786,0.0,1,"['miss', 'CoinDesk', 'Consensus', '2022', 'must-attend', 'crypto', 'blockchain', 'festival', 'experience', 'year', 'Austin', 'TX', 'June', '9-12', 'On-chain', 'analytics', 'platform', 'Nansen', 'adding', 'toolki…', '+1745']"
37,2022-06-15,"While there are literally thousands of cryptocurrencies, when it comes to the big dogs, there are really only two: Bitcoin and Ethereum. Bitcoin is the...",en,"{'id': None, 'name': 'Yahoo Entertainment'}","While there are literally thousands of cryptocurrencies, when it comes to the big dogs, there are really only two: Bitcoin and Ethereum. Bitcoin is the original crypto, created in 2009, and Ethereum … [+4746 chars]",Are These Cryptos the Next Bitcoin or Ethereum?,https://finance.yahoo.com/news/cryptos-next-bitcoin-ethereum-110017309.html,0.0,0.0,1.0,0.0,0,0.5106,0.118,0.882,0.0,1,"['literally', 'thousand', 'cryptocurrencies', 'come', 'big', 'dog', 'really', 'two', 'Bitcoin', 'Ethereum', 'Bitcoin', 'original', 'crypto', 'created', '2009', 'Ethereum', '+4746']"
38,2022-06-27,"Singapore-based metaverse lending protocol XCarnival recovered 1,467 ether following an exploit that saw a hacker siphon 3,087 ETH out of the platform.",en,"{'id': None, 'name': 'Yahoo Entertainment'}","Don't miss CoinDesk's Consensus 2022, the must-attend crypto &amp; blockchain festival experience of the year in Austin, TX this June 9-12.XCarnival, an Ethereum-based protocol that acts as a lending… [+1108 chars]","Ethereum Lending Protocol XCarnival Hit With $3.8M Exploit, Recovers 50%",https://finance.yahoo.com/news/ethereum-lending-protocol-xcarnival-hit-103112744.html,-0.1027,0.0,0.865,0.135,-1,0.7831,0.226,0.774,0.0,1,"['miss', 'CoinDesk', 'Consensus', '2022', 'must-attend', 'crypto', 'blockchain', 'festival', 'experience', 'year', 'Austin', 'TX', 'June', '9-12.XCarnival', 'Ethereum-based', 'protocol', 'act', 'lending…', '+1108']"
39,2022-06-17,"While there are literally thousands of cryptocurrencies, when it comes to the big dogs, there are really only two: Bitcoin and Ethereum. Bitcoin is the...",en,"{'id': None, 'name': 'Yahoo Entertainment'}","While there are literally thousands of cryptocurrencies, when it comes to the big dogs, there are really only two: Bitcoin and Ethereum. Bitcoin is the original crypto, created in 2009, and Ethereum … [+4746 chars]",Are These Cryptos the Next Bitcoin or Ethereum?,https://finance.yahoo.com/news/cryptos-next-bitcoin-ethereum-160122055.html,0.0,0.0,1.0,0.0,0,0.5106,0.118,0.882,0.0,1,"['literally', 'thousand', 'cryptocurrencies', 'come', 'big', 'dog', 'really', 'two', 'Bitcoin', 'Ethereum', 'Bitcoin', 'original', 'crypto', 'created', '2009', 'Ethereum', '+4746']"
40,2022-07-13,From existential dread to blissful ignorance – reactions to Ethereum’s market slump vary across the board.,en,"{'id': None, 'name': 'CoinDesk'}","As crypto markets plunged deep into bear market territory last month, discourse in some corners of the Ethereum ecosystem began to veer into the existential. Rather than searching for sky-high lendin… [+10226 chars]",What’s in Your Bear Market Backpack?,https://www.coindesk.com/layer2/2022/07/13/whats-in-your-bear-market-backpack/,0.0,0.0,1.0,0.0,0,0.0,0.0,1.0,0.0,0,"['crypto', 'market', 'plunged', 'deep', 'bear', 'market', 'territory', 'last', 'month', 'discourse', 'corner', 'Ethereum', 'ecosystem', 'began', 'veer', 'existential', 'Rather', 'searching', 'sky-high', 'lendin…', '+10226']"
41,2022-07-12,"Nova is intended to be used for social applications and gaming, while the Arbitrum mainnet will continue to be available for NFT and DeFi projects.",en,"{'id': None, 'name': 'CoinDesk'}","Offchain Labs, the company behind Ethereum-scaling project Arbitrum, announced this week the launch of its new chain built on AnyTrust technology, Arbitrum Nova. Arbitrum Nova is now live on its main… [+1251 chars]",Arbitrum’s New Chain Arbitrum Nova Is Open to Developers,https://www.coindesk.com/tech/2022/07/12/arbitrums-new-chain-arbitrum-nova-is-open-to-developers/,0.0,0.0,1.0,0.0,0,0.0,0.0,1.0,0.0,0,"['Offchain', 'Labs', 'company', 'behind', 'Ethereum-scaling', 'project', 'Arbitrum', 'announced', 'week', 'launch', 'new', 'chain', 'built', 'AnyTrust', 'technology', 'Arbitrum', 'Nova', 'Arbitrum', 'Nova', 'live', 'main…', '+1251']"
42,2022-07-06,"With a few rare exceptions, investing in cryptocurrency in 2022 has been a disaster. Even market leaders like Bitcoin and Ethereum have lost more than half...",en,"{'id': None, 'name': 'Yahoo Entertainment'}","24K-Production / iStock.com
With a few rare exceptions, investing in cryptocurrency in 2022 has been a disaster. Even market leaders like Bitcoin and Ethereum have lost more than half of their value… [+4610 chars]",Crypto: When Will the Next Bull Market Begin?,https://finance.yahoo.com/news/crypto-next-bull-market-begin-120020198.html,0.0,0.0,1.0,0.0,0,-0.5994,0.068,0.759,0.173,-1,"['24K-Production', 'iStock.com', 'rare', 'exception', 'investing', 'cryptocurrency', '2022', 'disaster', 'Even', 'market', 'leader', 'like', 'Bitcoin', 'Ethereum', 'lost', 'half', 'value…', '+4610']"
43,2022-07-13,The Ethereum scaling tool is one of six companies selected by the media and entertainment giant to be a part of its new program.,en,"{'id': None, 'name': 'Yahoo Entertainment'}","Ethereum scaling tool Polygon is continuing to scale its Web3 infrastructure via a new project with media conglomerate the Walt Disney Company.
Polygon is one of six companies selected to participat… [+768 chars]","Polygon Joins Disney’s ‘Accelerator Program’ to Develop AR, NFT and AI Experiences",https://finance.yahoo.com/news/polygon-joins-disney-accelerator-program-215252096.html,0.0,0.0,1.0,0.0,0,0.0,0.0,1.0,0.0,0,"['Ethereum', 'scaling', 'tool', 'Polygon', 'continuing', 'scale', 'Web3', 'infrastructure', 'via', 'new', 'project', 'medium', 'conglomerate', 'Walt', 'Disney', 'Company', 'Polygon', 'one', 'six', 'company', 'selected', 'participat…', '+768']"
44,2022-07-06,Tech startup Nothing has partnered with Ethereum scaler Polygon to bring non-fungible tokens (NFTs) to its new smartphone Nothing Phone.,en,"{'id': None, 'name': 'Yahoo Entertainment'}","Don't miss CoinDesk's Consensus 2022, the must-attend crypto &amp; blockchain festival experience of the year in Austin, TX this June 9-12.
Ethereum scaler Polygon is following Solana in bringing We… [+1386 chars]",Polygon Joins Solana in Bringing Web3 to Smartphones,https://finance.yahoo.com/news/polygon-joins-solana-bringing-web3-113219702.html,0.0,0.0,1.0,0.0,0,0.7831,0.214,0.786,0.0,1,"['miss', 'CoinDesk', 'Consensus', '2022', 'must-attend', 'crypto', 'blockchain', 'festival', 'experience', 'year', 'Austin', 'TX', 'June', '9-12', 'Ethereum', 'scaler', 'Polygon', 'following', 'Solana', 'bringing', 'We…', '+1386']"
45,2022-07-15,The Merge will see Ethereum switch from the energy-intensive proof-of-work (PoW) consensus mechanism to a more efficient proof-of-stake (PoS) system.,en,"{'id': None, 'name': 'Yahoo Entertainment'}","Tim Beiko of the Ethereum Foundation projected this week that the Merge Ethereums long-anticipated transition to a new design might take place the week of Sept. 19.
The Merge will see Ethereum switc… [+2191 chars]",Ethereum’s Merge Projected for September According to 'Soft' Timeline,https://finance.yahoo.com/news/ethereum-merge-projected-september-according-153641658.html,0.0,0.0,1.0,0.0,0,0.0,0.0,1.0,0.0,0,"['Tim', 'Beiko', 'Ethereum', 'Foundation', 'projected', 'week', 'Merge', 'Ethereums', 'long-anticipated', 'transition', 'new', 'design', 'might', 'take', 'place', 'week', 'Sept.', '19', 'Merge', 'see', 'Ethereum', 'switc…', '+2191']"
46,2022-06-19,"""A lot of the financial speculation stuff I think is totally not interesting,"" says Ethereum founder Vitalik Buterin. He and his father, Dima, say crypto is ...",en,"{'id': None, 'name': 'Yahoo Entertainment'}","The creator of Ethereum isnt worried about the current crypto crash, but he doesnt like how speculative his creation has become.
He learned about Bitcoin as a teenager from his father, a Russian-bor… [+23023 chars]","Ethereum creator Vitalik and his father, Dima Buterin, on this ‘morally clarifying moment’ and why there’s more to crypto than money",https://finance.yahoo.com/news/ethereum-creator-vitalik-father-dima-165601747.html,0.0,0.0,1.0,0.0,0,-0.218,0.108,0.736,0.157,-1,"['creator', 'Ethereum', 'isnt', 'worried', 'current', 'crypto', 'crash', 'doesnt', 'like', 'speculative', 'creation', 'become', 'learned', 'Bitcoin', 'teenager', 'father', 'Russian-bor…', '+23023']"
47,2022-06-17,"Immutable, powering the next generation of web3 games as the leading carbon-neutral, scalable platform for trading NFTs on Ethereum, today announced the...",en,"{'id': None, 'name': 'Yahoo Entertainment'}","Australia's Fastest Growing Unicorn Helps Make NFTs Available At Any Price Point, Fostering Mass Adoption In Gaming, Collectibles, Music And Sports, Among Others
SYDNEY , June 17, 2022 /PRNewswire/ … [+5399 chars]",Immutable Launches $500 Million Developer and Venture Investment Fund to Accelerate Adoption of Web3 Games and Projects,https://finance.yahoo.com/news/immutable-launches-500-million-developer-130000730.html,0.0,0.0,1.0,0.0,0,0.5106,0.133,0.867,0.0,1,"['Australia', 'Fastest', 'Growing', 'Unicorn', 'Helps', 'Make', 'NFTs', 'Available', 'Price', 'Point', 'Fostering', 'Mass', 'Adoption', 'Gaming', 'Collectibles', 'Music', 'Sports', 'Among', 'Others', 'SYDNEY', 'June', '17', '2022', '/PRNewswire/', '+5399']"
48,2022-06-20,"The platform allows buyers and sellers to make transactions using their token of choice, with all non-Ethereum gas fees being refunded.",en,"{'id': None, 'name': 'Yahoo Entertainment'}","Don't miss CoinDesk's Consensus 2022, the must-attend crypto &amp; blockchain festival experience of the year in Austin, TX this June 9-12.
Decentralized exchange (DEX) aggregator ParaSwap announced… [+1533 chars]",ParaSwap Launches Peer-to-Peer NFT Trading App,https://finance.yahoo.com/news/paraswap-launches-peer-peer-nft-140223368.html,0.0,0.0,1.0,0.0,0,0.7831,0.233,0.767,0.0,1,"['miss', 'CoinDesk', 'Consensus', '2022', 'must-attend', 'crypto', 'blockchain', 'festival', 'experience', 'year', 'Austin', 'TX', 'June', '9-12', 'Decentralized', 'exchange', 'DEX', 'aggregator', 'ParaSwap', 'announced…', '+1533']"
49,2022-06-29,"Cypherpunk Holdings Inc. has liquidated all of its Bitcoin and Ethereum treasury holdings, the Canadian investment firm said on Tuesday. See related article:...",en,"{'id': None, 'name': 'Yahoo Entertainment'}","The nosedive in cryptocurrency markets has wiped out millions of dollars in funds stolen by North Korean hackers, four digital investigators say, threatening a key source of funding for the sanctions… [+570 chars]",Cypherpunk dumps Bitcoin and Ether to avoid more drawdowns,https://finance.yahoo.com/news/cypherpunk-dumps-bitcoin-ether-avoid-033202475.html,-0.5994,0.0,0.588,0.412,-1,-0.765,0.0,0.82,0.18,-1,"['nosedive', 'cryptocurrency', 'market', 'wiped', 'million', 'dollar', 'fund', 'stolen', 'North', 'Korean', 'hacker', 'four', 'digital', 'investigator', 'say', 'threatening', 'key', 'source', 'funding', 'sanctions…', '+570']"
50,2022-06-28,Investors in ether and its troubled twin stETH are nervously anticipating a crypto milestone: The merge.  That's the name for a major upgrade of the Ethereum...,en,"{'id': None, 'name': 'Yahoo Entertainment'}","By Gertrude Chavez-Dreyfuss
(Reuters) - Investors in ether and its troubled twin stETH are nervously anticipating a crypto milestone: The merge.
That's the name for a major upgrade of the Ethereum … [+4163 chars]","Cryptoverse: Ether holds its breath for the lean, mean 'merge'",https://finance.yahoo.com/news/cryptoverse-ether-holds-breath-lean-051811288.html,0.0,0.0,1.0,0.0,0,-0.5574,0.0,0.859,0.141,-1,"['Gertrude', 'Chavez-Dreyfuss', 'Reuters', 'Investors', 'ether', 'troubled', 'twin', 'stETH', 'nervously', 'anticipating', 'crypto', 'milestone', 'merge', 'name', 'major', 'upgrade', 'Ethereum', '+4163']"
51,2022-06-30,"Crypto, as big as it once was, often feels like a family affair – and sometimes that’s literally true.  Natalia Ameline is the mother of Ethereum creator...",en,"{'id': None, 'name': 'Yahoo Entertainment'}","Don't miss CoinDesk's Consensus 2022, the must-attend crypto &amp; blockchain festival experience of the year in Austin, TX this June 9-12.
Crypto, as big as it once was, often feels like a family a… [+8340 chars]",Vitalik's Mom Offers Advice on How to Make It in Crypto,https://finance.yahoo.com/news/vitaliks-mom-offers-advice-crypto-220112004.html,0.0,0.0,1.0,0.0,0,0.8547,0.251,0.749,0.0,1,"['miss', 'CoinDesk', 'Consensus', '2022', 'must-attend', 'crypto', 'blockchain', 'festival', 'experience', 'year', 'Austin', 'TX', 'June', '9-12', 'Crypto', 'big', 'often', 'feel', 'like', 'family', 'a…', '+8340']"
52,2022-06-28,Aspen Aerogels Inc (NYSE: ASPN) shares plunged 25% in the post-market session after it announced plans to offer $225 million of common stock and $150 million...,en,"{'id': None, 'name': 'Yahoo Entertainment'}","Cypherpunk Holdings Inc. has liquidated all of its Bitcoin and Ethereum treasury holdings, the Canadian investment firm said on Tuesday. See related article: Warnings on crypto, Bitcoin have material… [+165 chars]",Aspen Aerogels Shares Slide On Proposed Public Offering,https://finance.yahoo.com/news/aspen-aerogels-shares-slide-proposed-211810126.html,0.296,0.239,0.761,0.0,1,-0.1027,0.055,0.879,0.067,-1,"['Cypherpunk', 'Holdings', 'Inc.', 'liquidated', 'Bitcoin', 'Ethereum', 'treasury', 'holding', 'Canadian', 'investment', 'firm', 'said', 'Tuesday', 'See', 'related', 'article', 'Warnings', 'crypto', 'Bitcoin', 'material…', '+165']"
53,2022-06-15,"After over $1 billion in liquidations over 24 hours, DeFi’s wild west period may be drawing to a close – but not everything’s a sham.",en,"{'id': None, 'name': 'CoinDesk'}","So, uh, not sure if youve looked out the window at all today but Ethereum (and DeFi and NFTs) might be on fire.
After last months $40 billion crash of the Terra blockchain ecosystem, a long list of … [+15366 chars]","Crypto Market Chaos: No, Lido Is Not ‘the Next Terra’",https://www.coindesk.com/layer2/2022/06/15/crypto-market-chaos-no-lido-is-not-the-next-terra/,-0.7096,0.0,0.576,0.424,-1,-0.8054,0.0,0.813,0.187,-1,"['uh', 'sure', 'youve', 'looked', 'window', 'today', 'Ethereum', 'DeFi', 'NFTs', 'might', 'fire', 'last', 'month', '40', 'billion', 'crash', 'Terra', 'blockchain', 'ecosystem', 'long', 'list', '+15366']"
54,2022-06-27,The recent crash revealed decentralized finance (DeFi) markets as a labyrinth of complex financial instruments with contagion properties.  DeFi did not lead ...,en,"{'id': None, 'name': 'Yahoo Entertainment'}","Don't miss CoinDesk's Consensus 2022, the must-attend crypto &amp; blockchain festival experience of the year in Austin, TX this June 9-12.
In bear markets, blockchain cultures are starkly confronte… [+6342 chars]",The One Word That Defines Ethereum’s Goals,https://finance.yahoo.com/news/one-word-defines-ethereum-goals-161224998.html,0.0,0.0,1.0,0.0,0,0.7831,0.22,0.78,0.0,1,"['miss', 'CoinDesk', 'Consensus', '2022', 'must-attend', 'crypto', 'blockchain', 'festival', 'experience', 'year', 'Austin', 'TX', 'June', '9-12', 'bear', 'market', 'blockchain', 'culture', 'starkly', 'confronte…', '+6342']"
55,2022-07-12,The exchange said trading will be rescheduled after market conditions improve.,en,"{'id': None, 'name': 'CoinDesk'}","Crypto futures and spot exchange BitMEX has delayed listing its Ethereum-based BMEX token because of market conditions, the company said in a statement Tuesday.
We have made the decision to postpone… [+1546 chars]",BitMEX Delays BMEX Listing Citing 'Market Conditions',https://www.coindesk.com/business/2022/07/12/bitmex-delays-bmex-listing-citing-market-conditions/,0.0,0.0,1.0,0.0,0,-0.2263,0.0,0.942,0.058,-1,"['Crypto', 'future', 'spot', 'exchange', 'BitMEX', 'delayed', 'listing', 'Ethereum-based', 'BMEX', 'token', 'market', 'condition', 'company', 'said', 'statement', 'Tuesday', 'made', 'decision', 'postpone…', '+1546']"
56,2022-07-04,Crema Finance developers said they are coordinating with “relevant organizations” to gather more information.,en,"{'id': None, 'name': 'CoinDesk'}","Solana-based liquidity protocol Crema Finance had more than $8.78 million worth of cryptocurrencies stolen from its platform in an attack over the weekend, developers said in a tweet.
Crema said it … [+1734 chars]",Solana DeFi Protocol Crema Loses $8.8M in Exploit,https://www.coindesk.com/tech/2022/07/04/solana-defi-protocol-crema-loses-88m-in-exploit/,-0.4019,0.0,0.619,0.381,-1,-0.6597,0.051,0.78,0.169,-1,"['Solana-based', 'liquidity', 'protocol', 'Crema', 'Finance', '8.78', 'million', 'worth', 'cryptocurrencies', 'stolen', 'platform', 'attack', 'weekend', 'developer', 'said', 'tweet', 'Crema', 'said', '+1734']"
57,2022-06-22,The latest delay of Ethereum’s Difficulty Bomb suggests the network’s Merge to proof-of-stake might be a bit further away than hoped.,en,"{'id': None, 'name': 'Yahoo Entertainment'}","Don't miss CoinDesk's Consensus 2022, the must-attend crypto &amp; blockchain festival experience of the year in Austin, TX this June 9-12.
The crypto sector is rife with liquidations and layoffs, b… [+12959 chars]",Ethereum's Gray Glacier (or How I Learned to Stop Worrying and Love the Difficulty Bomb),https://finance.yahoo.com/news/ethereums-gray-glacier-learned-stop-113000236.html,-0.2023,0.198,0.472,0.33,-1,0.7831,0.208,0.792,0.0,1,"['miss', 'CoinDesk', 'Consensus', '2022', 'must-attend', 'crypto', 'blockchain', 'festival', 'experience', 'year', 'Austin', 'TX', 'June', '9-12', 'crypto', 'sector', 'rife', 'liquidation', 'layoff', 'b…', '+12959']"
58,2022-06-20,"The decoupling of ether (ETH) and Lido Finance’s staked ether (stETH) is not equivalent to the breaking of the link between terraUSD (UST) and the dollar, and isn’t an example of a stablecoin collapse, according to CoinShares.",en,"{'id': None, 'name': 'CoinDesk'}","The decoupling of ether (ETH) and Lido Finances staked ether (stETH) is not equivalent to the breaking of the link between terraUSD (UST) and the dollar, and isnt an example of a stablecoin collapse,… [+2838 chars]","Decoupling of Lido’s Staked ETH Differs From Stablecoin Collapse, CoinShares Says",https://www.coindesk.com/tech/2022/06/20/decoupling-of-lidos-staked-eth-differs-from-stablecoin-collapse-coinshares-says/,-0.4939,0.0,0.758,0.242,-1,0.0,0.0,1.0,0.0,0,"['decoupling', 'ether', 'ETH', 'Lido', 'Finances', 'staked', 'ether', 'stETH', 'equivalent', 'breaking', 'link', 'terraUSD', 'UST', 'dollar', 'isnt', 'example', 'stablecoin', 'collapse', '+2838']"
59,2022-06-20,The decoupling of ether (ETH) and Lido Finance’s staked ether (stETH) is not equivalent to the breaking of the link between terraUSD (UST) and the dollar...,en,"{'id': None, 'name': 'Yahoo Entertainment'}","Don't miss CoinDesk's Consensus 2022, the must-attend crypto &amp; blockchain festival experience of the year in Austin, TX this June 9-12.
The decoupling of ether (ETH) and Lido Finances staked eth… [+2979 chars]","Decoupling of Lido’s Staked ETH Differs From Stablecoin Collapse, CoinShares Says",https://finance.yahoo.com/news/decoupling-lido-staked-eth-differs-105712646.html,-0.4939,0.0,0.758,0.242,-1,0.7831,0.208,0.792,0.0,1,"['miss', 'CoinDesk', 'Consensus', '2022', 'must-attend', 'crypto', 'blockchain', 'festival', 'experience', 'year', 'Austin', 'TX', 'June', '9-12', 'decoupling', 'ether', 'ETH', 'Lido', 'Finances', 'staked', 'eth…', '+2979']"
60,2022-07-12,Tokensoft hopes to deploy its platform for user-led token sales on ten chains by the end of the year.,en,"{'id': None, 'name': 'Yahoo Entertainment'}","Chain-agnostic token sales platform Tokensoft has successfully deployed Tokensoft V2, a web-3-enabled version of its platform, on Ethereum and Avalanche, the company said in a press release shared wi… [+2423 chars]","Security Token Platform Tokensoft Launches Web-3-Enabled Platform, Tokensoft V2, on Ethereum, Avalanche",https://finance.yahoo.com/news/security-token-platform-tokensoft-launches-030600167.html,0.34,0.179,0.821,0.0,1,0.6808,0.172,0.828,0.0,1,"['Chain-agnostic', 'token', 'sale', 'platform', 'Tokensoft', 'successfully', 'deployed', 'Tokensoft', 'V2', 'web-3-enabled', 'version', 'platform', 'Ethereum', 'Avalanche', 'company', 'said', 'press', 'release', 'shared', 'wi…', '+2423']"
61,2022-07-07,"BTC’s gains tracked equity markets, which also rose in Thursday trading; most ether stakers are “underwater,” a Glassnode report says.",en,"{'id': None, 'name': 'CoinDesk'}","Hi, I'm Jimmy He, here to take you through the day's crypto market highlights and news.
Bitcoin (BTC) lifted above $21,000 for the first time in over a week and was up 7.2% over the past 24 hours in… [+4617 chars]",Market Wrap: Bitcoin Climbs Above $21K for First Time in a Week,https://www.coindesk.com/markets/2022/07/07/market-wrap-bitcoin-climbs-above-21k-for-first-time-in-a-week/,0.0,0.0,1.0,0.0,0,0.0,0.0,1.0,0.0,0,"['Hi', ""'m"", 'Jimmy', 'take', 'day', 'crypto', 'market', 'highlight', 'news', 'Bitcoin', 'BTC', 'lifted', '21,000', 'first', 'time', 'week', '7.2', 'past', '24', 'hour', 'in…', '+4617']"
62,2022-07-08,"The registrations follow a record-breaking ENS sale, one research firm pointed out.",en,"{'id': None, 'name': 'Yahoo Entertainment'}","Ethereum Name Service (ENS) registrations spiked this week as a prominent address sold for hundreds of ether, sparking retail interest.
ENS is a decentralized domain name protocol that runs atop the… [+2243 chars]",Why Ethereum Name Service Is Seeing a Spike in Domain Registrations,https://finance.yahoo.com/news/why-ethereum-name-seeing-spike-101317099.html,0.0,0.0,1.0,0.0,0,0.6486,0.155,0.845,0.0,1,"['Ethereum', 'Name', 'Service', 'ENS', 'registration', 'spiked', 'week', 'prominent', 'address', 'sold', 'hundred', 'ether', 'sparking', 'retail', 'interest', 'ENS', 'decentralized', 'domain', 'name', 'protocol', 'run', 'atop', 'the…', '+2243']"
63,2022-07-07,The tool is one of the first layer 2 services to allow users to withdraw US dollars.,en,"{'id': None, 'name': 'Yahoo Entertainment'}","Ethereum scaling solution Immutable X will allow users to receive U.S. dollars in their bank accounts on ether withdrawals, developers said this week.
The ether offramp is available to any developer… [+1389 chars]",Ethereum Scaling Solution Immutable X Will Allow Ether-to-Dollar Withdrawals,https://finance.yahoo.com/news/ethereum-scaling-solution-immutable-x-075204689.html,0.4939,0.412,0.588,0.0,1,0.4939,0.123,0.877,0.0,1,"['Ethereum', 'scaling', 'solution', 'Immutable', 'X', 'allow', 'user', 'receive', 'U.S.', 'dollar', 'bank', 'account', 'ether', 'withdrawal', 'developer', 'said', 'week', 'ether', 'offramp', 'available', 'developer…', '+1389']"
64,2022-06-16,Bitcoin and other cryptocurrencies responded positively to the U.S. Federal Reserve’s move to raise interest rates by 75 basis points on Wednesday — the...,en,"{'id': None, 'name': 'Yahoo Entertainment'}",Bitcoin and other cryptocurrencies responded positively to the U.S. Federal Reserves move to raise interest rates by 75 basis points on Wednesday the largest single increase since 1994 in an effort t… [+888 chars],"Bitcoin, Ethereum, TRX recover as Fed bumps rates by 75 bpt",https://finance.yahoo.com/news/bitcoin-ethereum-trx-recover-fed-012204572.html,0.0,0.0,1.0,0.0,0,0.8271,0.219,0.781,0.0,1,"['Bitcoin', 'cryptocurrencies', 'responded', 'positively', 'U.S.', 'Federal', 'Reserves', 'move', 'raise', 'interest', 'rate', '75', 'basis', 'point', 'Wednesday', 'largest', 'single', 'increase', 'since', '1994', 'effort', 't…', '+888']"
65,2022-07-06,The venture capital-backed Porter Finance said the lack of “institutional fixed income DeFi adoption” drove its decision.,en,"{'id': None, 'name': 'Yahoo Entertainment'}","Don't miss CoinDesk's Consensus 2022, the must-attend crypto &amp; blockchain festival experience of the year in Austin, TX this June 9-12.
Ethereum-based credit platform Porter Finance closed its b… [+1605 chars]","Ethereum DeFi Service Porter Finance Shutters Bond Platform, Citing Lack of 'Lending Demand'",https://finance.yahoo.com/news/ethereum-defi-porter-finance-shutters-094450486.html,-0.4215,0.0,0.743,0.257,-1,0.8583,0.28,0.72,0.0,1,"['miss', 'CoinDesk', 'Consensus', '2022', 'must-attend', 'crypto', 'blockchain', 'festival', 'experience', 'year', 'Austin', 'TX', 'June', '9-12', 'Ethereum-based', 'credit', 'platform', 'Porter', 'Finance', 'closed', 'b…', '+1605']"
66,2022-06-28,"The government's stamp of approval seems to separate BTC from ""crypto,"" but decentralization is a path.",en,"{'id': None, 'name': 'CoinDesk'}","U.S. Securities and Exchange Commission Chair Gary Gensler has reiterated his claim that bitcoin (BTC) is a commodity. His interpretation is partially rooted in precedent and, one would hope, reality… [+4135 chars]",SEC’s Gensler Reiterates Bitcoin Alone Is a Commodity. Is He Right?,https://www.coindesk.com/layer2/2022/06/28/secs-gensler-reiterates-bitcoin-alone-is-a-commodity-is-he-right/,-0.25,0.0,0.818,0.182,-1,0.6249,0.15,0.85,0.0,1,"['U.S.', 'Securities', 'Exchange', 'Commission', 'Chair', 'Gary', 'Gensler', 'reiterated', 'claim', 'bitcoin', 'BTC', 'commodity', 'interpretation', 'partially', 'rooted', 'precedent', 'one', 'would', 'hope', 'reality…', '+4135']"
67,2022-06-17,"A trading pool that large institutional investors such as Alameda Research and Three Arrows Capital have used to dump their “stETH” tokens is now nearly drained and heavily imbalanced, potentially trapping retail investors as well as the embattled crypto lend…",en,"{'id': None, 'name': 'CoinDesk'}","As cryptocurrency markets swooned in recent weeks, large institutional crypto investors including Alameda and Three Arrows Capital have used the blockchain protocol Curve to dump their holdings of a … [+5534 chars]","Biggest ‘stETH’ Pool Almost Empty, Complicating Exit for Would-Be Sellers",https://www.coindesk.com/markets/2022/06/17/biggest-steth-pool-almost-empty-complicating-exit-for-would-be-sellers/,-0.1298,0.0,0.857,0.143,-1,-0.3818,0.0,0.918,0.082,-1,"['cryptocurrency', 'market', 'swooned', 'recent', 'week', 'large', 'institutional', 'crypto', 'investor', 'including', 'Alameda', 'Three', 'Arrows', 'Capital', 'used', 'blockchain', 'protocol', 'Curve', 'dump', 'holding', '+5534']"
68,2022-06-24,Developers said they are working with authorities and forensic specialists to identify the culprit.,en,"{'id': None, 'name': 'Yahoo Entertainment'}","Don't miss CoinDesk's Consensus 2022, the must-attend crypto &amp; blockchain festival experience of the year in Austin, TX this June 9-12.A popular product on the Harmony network was exploited for o… [+1662 chars]",Harmony Network's Horizon Bridge Exploited for $100M,https://finance.yahoo.com/news/harmony-networks-horizon-bridge-exploited-071213847.html,-0.0772,0.252,0.467,0.28,-1,0.8547,0.308,0.622,0.069,1,"['miss', 'CoinDesk', 'Consensus', '2022', 'must-attend', 'crypto', 'blockchain', 'festival', 'experience', 'year', 'Austin', 'TX', 'June', '9-12.A', 'popular', 'product', 'Harmony', 'network', 'exploited', 'o…', '+1662']"
69,2022-06-28,"New York, June 28, 2022 (GLOBE NEWSWIRE) -- Bitramo, a crypto-startup, is now pioneering a new trend in the global crypto market with the recent launch of...",en,"{'id': None, 'name': 'Yahoo Entertainment'}","New York, June 28, 2022 (GLOBE NEWSWIRE) -- Bitramo, a crypto-startup, is now pioneering a new trend in the global crypto market with the recent launch of its range of 3nm ASIC chip miners. Equipped … [+2595 chars]",Bitramo 3nm ASIC Miners new Crypto trend,https://finance.yahoo.com/news/bitramo-3nm-asic-miners-crypto-145200346.html,0.0,0.0,1.0,0.0,0,0.0,0.0,1.0,0.0,0,"['New', 'York', 'June', '28', '2022', 'GLOBE', 'NEWSWIRE', '--', 'Bitramo', 'crypto-startup', 'pioneering', 'new', 'trend', 'global', 'crypto', 'market', 'recent', 'launch', 'range', '3nm', 'ASIC', 'chip', 'miner', 'Equipped', '+2595']"
70,2022-07-14,Developers are focused on testing the integration of the MEV boost feature that will be part of the proof-of-stake validator incentives.,en,"{'id': None, 'name': 'Yahoo Entertainment'}",Ethereums ninth shadow fork went live as the network continues to test its imminent transition from a proof-of-work to a proof-of-stake consensus model. In preparation for Ethereums merge with the pr… [+2298 chars],Ethereum’s Shadow Fork 9 Goes Live in Lead-up to the Merge,https://finance.yahoo.com/news/ethereum-shadow-fork-9-goes-153916853.html,0.0,0.0,1.0,0.0,0,0.0,0.0,1.0,0.0,0,"['Ethereums', 'ninth', 'shadow', 'fork', 'went', 'live', 'network', 'continues', 'test', 'imminent', 'transition', 'proof-of-work', 'proof-of-stake', 'consensus', 'model', 'preparation', 'Ethereums', 'merge', 'pr…', '+2298']"
71,2022-06-14,"SINGAPORE / ACCESSWIRE / June 14, 2022 / Bit.com, a full-suite cryptocurrency exchange that supports spot, contract, options, and other trading products...",en,"{'id': None, 'name': 'Yahoo Entertainment'}","SINGAPORE / ACCESSWIRE / June 14, 2022 / Bit.com
, a full-suite cryptocurrency exchange that supports spot, contract, options, and other trading products meeting the diversified needs of its global … [+2780 chars]",Bit.com Lists Staked Ether (STETH) on the Spot and Perpetual Futures Markets,https://finance.yahoo.com/news/bit-com-lists-staked-ether-190000079.html,0.0,0.0,1.0,0.0,0,0.3612,0.088,0.912,0.0,1,"['SINGAPORE', 'ACCESSWIRE', 'June', '14', '2022', 'Bit.com', 'full-suite', 'cryptocurrency', 'exchange', 'support', 'spot', 'contract', 'option', 'trading', 'product', 'meeting', 'diversified', 'need', 'global', '+2780']"
72,2022-06-28,"idexo is pleased to announce the second blockchain launch of its MultiChain NFT collection, launching on BNBChain on Thursday, July 14th, and available for...",en,"{'id': None, 'name': 'Yahoo Entertainment'}","LONDON, June 28, 2022 /PRNewswire/ -- idexo is pleased to announce the second blockchain launch of its MultiChain NFT collection, launching on BNBChain on Thursday, July 14th, and available for free … [+1621 chars]",Idexo Announces Second MultiChain Gang NFT Launch on BNBChain Taking Place July 14th 2022,https://finance.yahoo.com/news/idexo-announces-second-multichain-gang-123400318.html,0.0,0.0,1.0,0.0,0,0.7351,0.167,0.833,0.0,1,"['LONDON', 'June', '28', '2022', '/PRNewswire/', '--', 'idexo', 'pleased', 'announce', 'second', 'blockchain', 'launch', 'MultiChain', 'NFT', 'collection', 'launching', 'BNBChain', 'Thursday', 'July', '14th', 'available', 'free', '+1621']"
73,2022-07-13,From existential dread to blissful ignorance – reactions to Ethereum’s market slump vary across the board.,en,"{'id': None, 'name': 'Yahoo Entertainment'}","As crypto markets plunged deep into bear market territory last month, discourse in some corners of the Ethereum ecosystem began to veer into the existential. Rather than searching for sky-high lendin… [+10199 chars]",What’s in Your Bear Market Backpack?,https://finance.yahoo.com/news/bear-market-backpack-113000424.html,0.0,0.0,1.0,0.0,0,0.0,0.0,1.0,0.0,0,"['crypto', 'market', 'plunged', 'deep', 'bear', 'market', 'territory', 'last', 'month', 'discourse', 'corner', 'Ethereum', 'ecosystem', 'began', 'veer', 'existential', 'Rather', 'searching', 'sky-high', 'lendin…', '+10199']"
74,2022-07-07,"This news release constitutes a “designated news release” for the purposes of the Company’s prospectus supplement dated February 2, 2021 to its amended and...",en,"{'id': None, 'name': 'Yahoo Entertainment'}","HIVE Blockchain Technologies Ltd.
This news release constitutes a designated news release for the purposes of the Companys prospectus supplement dated February 2, 2021 to its amended and restated sh… [+10086 chars]",REPEAT -- HIVE Blockchain Provides June 2022 Production Update,https://finance.yahoo.com/news/repeat-hive-blockchain-provides-june-110000179.html,0.0,0.0,1.0,0.0,0,0.0,0.0,1.0,0.0,0,"['HIVE', 'Blockchain', 'Technologies', 'Ltd', 'news', 'release', 'constitutes', 'designated', 'news', 'release', 'purpose', 'Companys', 'prospectus', 'supplement', 'dated', 'February', '2', '2021', 'amended', 'restated', 'sh…', '+10086']"
75,2022-07-07,"This news release constitutes a “designated news release” for the purposes of the Company’s prospectus supplement dated February 2, 2021 to its amended and...",en,"{'id': None, 'name': 'Yahoo Entertainment'}","HIVE Blockchain Technologies Ltd.
This news release constitutes a designated news release for the purposes of the Companys prospectus supplement dated February 2, 2021 to its amended and restated sh… [+10086 chars]",HIVE Blockchain Provides June 2022 Production Update,https://finance.yahoo.com/news/hive-blockchain-provides-june-2022-050000546.html,0.0,0.0,1.0,0.0,0,0.0,0.0,1.0,0.0,0,"['HIVE', 'Blockchain', 'Technologies', 'Ltd', 'news', 'release', 'constitutes', 'designated', 'news', 'release', 'purpose', 'Companys', 'prospectus', 'supplement', 'dated', 'February', '2', '2021', 'amended', 'restated', 'sh…', '+10086']"
76,2022-06-17,"After integrating with DeFi major Aave, Lido saw leverage kick up a gear and nudged some larger players to unwind. But plenty of people didn’t.",en,"{'id': None, 'name': 'CoinDesk'}","Ethereum staking firm Lido Finance, whose derivative products are a component in the crisis currently engulfing firms like Celsius and Three Arrows Capital, saw the writing on the wall and tried to n… [+5939 chars]",Lido Finance Warns Leverage Is a ‘Hell of a Drug’,https://www.coindesk.com/business/2022/06/17/lido-finance-warns-leverage-is-a-hell-of-a-drug/,-0.1027,0.0,0.833,0.167,-1,-0.3818,0.065,0.829,0.106,-1,"['Ethereum', 'staking', 'firm', 'Lido', 'Finance', 'whose', 'derivative', 'product', 'component', 'crisis', 'currently', 'engulfing', 'firm', 'like', 'Celsius', 'Three', 'Arrows', 'Capital', 'saw', 'writing', 'wall', 'tried', 'n…', '+5939']"
77,2022-07-13,BTC fell 4.5% minutes after the U.S. consumer price index showed June inflation rising to 9.1% but has since recovered.,en,"{'id': None, 'name': 'CoinDesk'}","Hi, I'm Jimmy He, here to take you through the day's crypto market highlights and news.
Bitcoin (BTC) saw price fluctuations in Wednesday morning trading after the U.S. consumer price index (CPI) sh… [+3696 chars]",Market Wrap: Bitcoin Snaps Five-Day Losing Streak; Even Traders See More Hawkish Fed,https://www.coindesk.com/markets/2022/07/13/market-wrap-bitcoin-snaps-five-day-losing-streak-even-traders-see-more-hawkish-fed/,-0.3818,0.0,0.822,0.178,-1,0.0,0.0,1.0,0.0,0,"['Hi', ""'m"", 'Jimmy', 'take', 'day', 'crypto', 'market', 'highlight', 'news', 'Bitcoin', 'BTC', 'saw', 'price', 'fluctuation', 'Wednesday', 'morning', 'trading', 'U.S.', 'consumer', 'price', 'index', 'CPI', 'sh…', '+3696']"
78,2022-06-14,"The price gap between the locked-up ether on Lido and spot ether jumped to record highs as large holders sell their tokens, drawing concern of a potential ripple effect on crypto lending markets.",en,"{'id': None, 'name': 'CoinDesk'}","A token known as ""staked ether"" has suddenly become a key focus for crypto traders trying to monitor extreme stress in digital-asset markets, as important players from the beleaguered lender Celsius … [+5031 chars]","'Staked Ether' Becomes Focus of Crypto Stress, From Celsius to Three Arrows",https://www.coindesk.com/markets/2022/06/14/staked-ether-becomes-focus-of-crypto-stress-from-celsius-to-three-arrows/,-0.4215,0.0,0.797,0.203,-1,-0.25,0.054,0.863,0.083,-1,"['token', 'known', 'staked', 'ether', 'suddenly', 'become', 'key', 'focus', 'crypto', 'trader', 'trying', 'monitor', 'extreme', 'stress', 'digital-asset', 'market', 'important', 'player', 'beleaguered', 'lender', 'Celsius', '+5031']"
79,2022-06-16,The rally in bitcoin and other major cryptocurrencies after the Fed meeting on Wednesday proved short-lived.,en,"{'id': None, 'name': 'CoinDesk'}","Bitcoins (BTC) price fell back to a low of $20,755 on Thursday. It got close to $23,000 after U.S. Federal Reserve Chair Jerome Powell reassured investors Wednesday the central bank is committed to i… [+5002 chars]","Market Wrap: Bottom Has Not Been Reached for Crypto, but Capitulation Is Needed",https://www.coindesk.com/markets/2022/06/16/market-wrap-bottom-has-not-been-reached-for-crypto-but-capitulation-is-needed/,-0.0382,0.0,0.913,0.087,0,0.4019,0.123,0.823,0.054,1,"['Bitcoins', 'BTC', 'price', 'fell', 'back', 'low', '20,755', 'Thursday', 'got', 'close', '23,000', 'U.S.', 'Federal', 'Reserve', 'Chair', 'Jerome', 'Powell', 'reassured', 'investor', 'Wednesday', 'central', 'bank', 'committed', 'i…', '+5002']"
80,2022-06-21,"Digital-asset investment products see $39 million in outflows last week, with total assets under management reaching lowest level since February 2021.",en,"{'id': None, 'name': 'CoinDesk'}","As the price of bitcoin (BTC) last week dropped to its lowest level since 2020, investors trimmed their positions in funds designed to profit from further declines in the cryptocurrency.
Investors r… [+1150 chars]",CoinShares Report Shows Major Outflows From Bitcoin Short Funds,https://www.coindesk.com/markets/2022/06/21/coinshares-report-shows-major-outflows-from-bitcoin-short-funds/,0.0,0.0,1.0,0.0,0,0.0772,0.077,0.853,0.069,1,"['price', 'bitcoin', 'BTC', 'last', 'week', 'dropped', 'lowest', 'level', 'since', '2020', 'investor', 'trimmed', 'position', 'fund', 'designed', 'profit', 'decline', 'cryptocurrency', 'Investors', 'r…', '+1150']"
81,2022-06-28,"The bridge has undergone an internal audit and two external audits, developers said.",en,"{'id': None, 'name': 'CoinDesk'}","Axie Infinitys Ronin bridge has been restarted three months after a sophisticated exploit saw some $625 million worth of cryptocurrencies stolen from the protocol, the developers said Tuesday.
The b… [+1346 chars]",Axie Infinity Restarts Ronin Bridge Months After $625M Exploit,https://www.coindesk.com/business/2022/06/28/axie-infinity-restarts-ronin-bridge-months-after-625m-exploit/,-0.1027,0.0,0.851,0.149,-1,0.2263,0.148,0.728,0.124,1,"['Axie', 'Infinitys', 'Ronin', 'bridge', 'restarted', 'three', 'month', 'sophisticated', 'exploit', 'saw', '625', 'million', 'worth', 'cryptocurrencies', 'stolen', 'protocol', 'developer', 'said', 'Tuesday', 'b…', '+1346']"
82,2022-06-30,"“You need to have a lot of perseverance and a lot of patience,” she said in an interview for CoinDesk's ""Future of Work Week.""",en,"{'id': None, 'name': 'CoinDesk'}","Crypto, as big as it once was, often feels like a family affair and sometimes thats literally true. Natalia Ameline is the mother of Ethereum creator Vitalik Buterin, but she may be better known for … [+8199 chars]",Vitalik's Mom Offers Advice on How to Make It in Crypto,https://www.coindesk.com/layer2/futureofworkweek/2022/06/30/vitaliks-mom-offers-advice-on-how-to-make-it-in-crypto/,0.0,0.0,1.0,0.0,0,0.7579,0.185,0.815,0.0,1,"['Crypto', 'big', 'often', 'feel', 'like', 'family', 'affair', 'sometimes', 'thats', 'literally', 'true', 'Natalia', 'Ameline', 'mother', 'Ethereum', 'creator', 'Vitalik', 'Buterin', 'may', 'better', 'known', '+8199']"
83,2022-06-30,(Bloomberg) -- The turmoil in the cryptocurrency industry has ravaged portfolios and left large and small investors struggling to adapt. It’s also taken a...,en,"{'id': None, 'name': 'Yahoo Entertainment'}",(Bloomberg) -- The turmoil in the cryptocurrency industry has ravaged portfolios and left large and small investors struggling to adapt. Its also taken a toll on a corner of the tech world that once … [+5806 chars],Nvidia Game Card Prices Fall Along With Crypto Mining Demand,https://finance.yahoo.com/news/nvidia-game-card-prices-fall-141454926.html,-0.128,0.0,0.857,0.143,-1,-0.6486,0.0,0.858,0.142,-1,"['Bloomberg', '--', 'turmoil', 'cryptocurrency', 'industry', 'ravaged', 'portfolio', 'left', 'large', 'small', 'investor', 'struggling', 'adapt', 'also', 'taken', 'toll', 'corner', 'tech', 'world', '+5806']"
84,2022-06-16,The Euro Coin will be backed by euro-denominated reserves held by U.S. regulated financial institutions.,en,"{'id': None, 'name': 'CoinDesk'}","Circle Internet Financial, the issuer of the USD Coin (USDC) dollar-pegged stablecoin, is set to introduce a new token by the end of the month this one backed by the single European currency.
The Eu… [+3158 chars]",USDC Issuer Circle to Introduce Euro-Backed Stablecoin in U.S.,https://www.coindesk.com/business/2022/06/16/usdc-issuer-circle-to-introduce-euro-backed-stablecoin-in-us/,0.0,0.0,1.0,0.0,0,0.0258,0.03,0.97,0.0,0,"['Circle', 'Internet', 'Financial', 'issuer', 'USD', 'Coin', 'USDC', 'dollar-pegged', 'stablecoin', 'set', 'introduce', 'new', 'token', 'end', 'month', 'one', 'backed', 'single', 'European', 'currency', 'Eu…', '+3158']"
85,2022-06-17,The popular decentralized stablecoin lost its dollar peg and fell to pennies in May. A South Korean blockchain analysis firm suggests the death spiral was sparked by transactions from a wallet linked to the lead Terra developer – though any motivation or rati…,en,"{'id': None, 'name': 'CoinDesk'}","A blockchain transaction that contributed to the collapse of Terra's UST stablecoin has been linked by a South Korean analysis firm to the ecosystem's chief developer, Terraform Labs.
CoinDesk Korea… [+3803 chars]",Wallet That Helped Trigger UST Implosion Linked by Analysis Firm to Terra Developer,https://www.coindesk.com/tech/2022/06/17/wallet-that-helped-trigger-ust-implosion-linked-by-analysis-firm-to-terra-developer/,0.0,0.0,1.0,0.0,0,-0.4939,0.0,0.901,0.099,-1,"['blockchain', 'transaction', 'contributed', 'collapse', 'Terra', 'UST', 'stablecoin', 'linked', 'South', 'Korean', 'analysis', 'firm', 'ecosystem', 'chief', 'developer', 'Terraform', 'Labs', 'CoinDesk', 'Korea…', '+3803']"
86,2022-06-30,"The U.S. Federal Reserve has created a “self-inflicted disaster” with its “twin policy errors,” Pantera Capital’s chief executive officer Dan Morehead said. ...",en,"{'id': None, 'name': 'Yahoo Entertainment'}","Cypherpunk Holdings Inc. has liquidated all of its Bitcoin and Ethereum treasury holdings, the Canadian investment firm said on Tuesday. See related article: Warnings on crypto, Bitcoin have material… [+165 chars]",Pantera Capital says more crypto meltdowns likely,https://finance.yahoo.com/news/pantera-capital-says-more-crypto-035327984.html,0.0,0.0,1.0,0.0,0,-0.1027,0.055,0.879,0.067,-1,"['Cypherpunk', 'Holdings', 'Inc.', 'liquidated', 'Bitcoin', 'Ethereum', 'treasury', 'holding', 'Canadian', 'investment', 'firm', 'said', 'Tuesday', 'See', 'related', 'article', 'Warnings', 'crypto', 'Bitcoin', 'material…', '+165']"
87,2022-06-30,"MicroStrategy chief executive Michael Saylor announced via Twitter an additional purchase of 480 Bitcoins (BTC) for roughly US$10 million, as the company...",en,"{'id': None, 'name': 'Yahoo Entertainment'}","Cypherpunk Holdings Inc. has liquidated all of its Bitcoin and Ethereum treasury holdings, the Canadian investment firm said on Tuesday. See related article: Warnings on crypto, Bitcoin have material… [+165 chars]","MicroStrategy, Michael Saylor buy more Bitcoin",https://finance.yahoo.com/news/microstrategy-michael-saylor-buy-more-033003828.html,0.0,0.0,1.0,0.0,0,-0.1027,0.055,0.879,0.067,-1,"['Cypherpunk', 'Holdings', 'Inc.', 'liquidated', 'Bitcoin', 'Ethereum', 'treasury', 'holding', 'Canadian', 'investment', 'firm', 'said', 'Tuesday', 'See', 'related', 'article', 'Warnings', 'crypto', 'Bitcoin', 'material…', '+165']"
88,2022-06-29,"Downing Strategic Micro-Cap Investment Trust Plc LEI Code: 213800QMYPUW4POFFX69 Net Asset Values The Company announces the following, all of which is...",en,"{'id': None, 'name': 'Yahoo Entertainment'}","Cypherpunk Holdings Inc. has liquidated all of its Bitcoin and Ethereum treasury holdings, the Canadian investment firm said on Tuesday. See related article: Warnings on crypto, Bitcoin have material… [+165 chars]",DSM: Net Asset Value(s),https://finance.yahoo.com/news/dsm-net-asset-value-124000078.html,0.3612,0.455,0.545,0.0,1,-0.1027,0.055,0.879,0.067,-1,"['Cypherpunk', 'Holdings', 'Inc.', 'liquidated', 'Bitcoin', 'Ethereum', 'treasury', 'holding', 'Canadian', 'investment', 'firm', 'said', 'Tuesday', 'See', 'related', 'article', 'Warnings', 'crypto', 'Bitcoin', 'material…', '+165']"
89,2022-06-18,"TORONTO, June 18, 2022 (GLOBE NEWSWIRE) -- Web3 Ventures Inc. (“W3V” or the “Company”), a platform company focused on incubating, accelerating, and...",en,"{'id': None, 'name': 'Yahoo Entertainment'}","TORONTO, June 18, 2022 (GLOBE NEWSWIRE) -- Web3 Ventures Inc. (W3V or the Company), a platform company focused on incubating, accelerating, and developing world class projects and applications for th… [+3289 chars]","Web3 Ventures Acquires 150 PunkScape NFTs, Becomes 4th Largest Holder of the Decentralized Digital Identity Project",https://finance.yahoo.com/news/web3-ventures-acquires-150-punkscape-120000750.html,0.0,0.0,1.0,0.0,0,0.3818,0.08,0.92,0.0,1,"['TORONTO', 'June', '18', '2022', 'GLOBE', 'NEWSWIRE', '--', 'Web3', 'Ventures', 'Inc.', 'W3V', 'Company', 'platform', 'company', 'focused', 'incubating', 'accelerating', 'developing', 'world', 'class', 'project', 'application', 'th…', '+3289']"
90,2022-07-06,"Jordan Belfort, the man who inspired Martin Scorsese’s film “Wolf of Wall Street” and a once-avowed crypto critic, said Bitcoin is a long play while speaking...",en,"{'id': None, 'name': 'Yahoo Entertainment'}","Cryptocurrency prices were off on the first business day after the July 4th holiday as investors continued to remain cautious. Bitcoin, the most popular cryptocurrency, was down slightly to $19,415.7… [+233 chars]",‘Wolf of Wall Street’ says Bitcoin investments will be profitable in three to five years,https://finance.yahoo.com/news/wolf-wall-street-says-bitcoin-042453208.html,0.4404,0.172,0.828,0.0,1,0.659,0.16,0.801,0.039,1,"['Cryptocurrency', 'price', 'first', 'business', 'day', 'July', '4th', 'holiday', 'investor', 'continued', 'remain', 'cautious', 'Bitcoin', 'popular', 'cryptocurrency', 'slightly', '19,415.7…', '+233']"
91,2022-07-13,"Ethereum co-founder Vitalik Buterin tweeted a defense of the network’s transition to proof of stake (PoS) on Tuesday, responding to arguments suggesting...",en,"{'id': None, 'name': 'Yahoo Entertainment'}","Ethereum co-founder Vitalik Buterin tweeted a defense of the networks transition to proof of stake (PoS) on Tuesday, responding to arguments suggesting assets secured by such consensus mechanisms are… [+1349 chars]",Vitalik Buterin defends Ethereum ahead of merge; ‘not a security’,https://finance.yahoo.com/news/vitalik-buterin-defends-ethereum-ahead-020803702.html,0.0,0.0,1.0,0.0,0,0.296,0.171,0.751,0.078,1,"['Ethereum', 'co-founder', 'Vitalik', 'Buterin', 'tweeted', 'defense', 'network', 'transition', 'proof', 'stake', 'PoS', 'Tuesday', 'responding', 'argument', 'suggesting', 'asset', 'secured', 'consensus', 'mechanism', 'are…', '+1349']"
92,2022-06-21,"ProShares will launch a short Bitcoin-backed exchange-traded fund (ETF) on the New York Stock Exchange (NYSE), the U.S.-based ETF issuer announced on Monday....",en,"{'id': None, 'name': 'Yahoo Entertainment'}","The wealth-generating hot streak for bitcoin and other cryptocurrencies has turned brutally cold. As prices plunge, companies collapse and skepticism soars, fortunes and jobs are disappearing overnig… [+253 chars]",ProShares to launch Bitcoin short ETF,https://finance.yahoo.com/news/proshares-launch-bitcoin-short-etf-011307264.html,0.0,0.0,1.0,0.0,0,-0.8481,0.0,0.739,0.261,-1,"['wealth-generating', 'hot', 'streak', 'bitcoin', 'cryptocurrencies', 'turned', 'brutally', 'cold', 'price', 'plunge', 'company', 'collapse', 'skepticism', 'soar', 'fortune', 'job', 'disappearing', 'overnig…', '+253']"
93,2022-07-12,The exchange said trading will be rescheduled after market conditions improve.,en,"{'id': None, 'name': 'Yahoo Entertainment'}","Crypto futures and spot exchange BitMEX has delayed listing its Ethereum-based BMEX token because of market conditions, the company said in a statement Tuesday.
We have made the decision to postpone… [+1546 chars]",BitMEX Delays BMEX Listing Citing 'Market Conditions',https://finance.yahoo.com/news/bitmex-delays-bmex-listing-citing-080135614.html,0.0,0.0,1.0,0.0,0,-0.2263,0.0,0.942,0.058,-1,"['Crypto', 'future', 'spot', 'exchange', 'BitMEX', 'delayed', 'listing', 'Ethereum-based', 'BMEX', 'token', 'market', 'condition', 'company', 'said', 'statement', 'Tuesday', 'made', 'decision', 'postpone…', '+1546']"
94,2022-07-07,"The troubled crypto lender Celsius paid down the remaining $41 million of its debt to the decentralized lending protocol Maker, blockchain data shows – releasing $440 million of collateral that had been kept to guarantee the loan.",en,"{'id': None, 'name': 'CoinDesk'}","Celsius, the crypto lender that halted user withdrawals last month because of liquidity pressures, reclaimed $440 million of collateral on Thursday after fully paying off a loan on Maker, one of the … [+1645 chars]","Celsius Pays Off Maker Loan, Freeing Up $440M of Collateral",https://www.coindesk.com/markets/2022/07/07/celsius-pays-off-maker-loan-freeing-up-440m-of-collateral/,0.4767,0.256,0.744,0.0,1,-0.3182,0.0,0.933,0.067,-1,"['Celsius', 'crypto', 'lender', 'halted', 'user', 'withdrawal', 'last', 'month', 'liquidity', 'pressure', 'reclaimed', '440', 'million', 'collateral', 'Thursday', 'fully', 'paying', 'loan', 'Maker', 'one', '+1645']"
95,2022-07-07,The avatars can be stored or managed on Reddit’s own blockchain wallet Vault.,en,"{'id': None, 'name': 'CoinDesk'}","Reddit's Polygon-based collectible avatar marketplace allowing users to purchase blockchain-based profile pictures for a fixed rate is open for business, said the company on Thursday.
Collectible Av… [+1427 chars]",Reddit Launches Polygon-Based 'Collectible Avatar' Marketplace,https://www.coindesk.com/tech/2022/07/07/reddit-launches-polygon-based-collectible-avatar-marketplace/,0.0,0.0,1.0,0.0,0,0.0,0.0,1.0,0.0,0,"['Reddit', 'Polygon-based', 'collectible', 'avatar', 'marketplace', 'allowing', 'user', 'purchase', 'blockchain-based', 'profile', 'picture', 'fixed', 'rate', 'open', 'business', 'said', 'company', 'Thursday', 'Collectible', 'Av…', '+1427']"
96,2022-07-06,"The wallet, named “Autonomy,” is looking to bridge the gap between mainstream art collectors and the world of NFTs.",en,"{'id': None, 'name': 'CoinDesk'}","Blockchain startup Bitmark is ramping up its non-fungible token (NFT) initiatives, raising $5.6 million on the heels of its Autonomy NFT wallet launch, the company announced Wednesday.
The startups … [+1447 chars]","Bitmark Raises $5.6M, Launches Interoperable NFT Wallet",https://www.coindesk.com/business/2022/07/06/bitmark-raises-56m-launches-interoperable-nft-wallet/,0.0,0.0,1.0,0.0,0,0.0,0.0,1.0,0.0,0,"['Blockchain', 'startup', 'Bitmark', 'ramping', 'non-fungible', 'token', 'NFT', 'initiative', 'raising', '5.6', 'million', 'heel', 'Autonomy', 'NFT', 'wallet', 'launch', 'company', 'announced', 'Wednesday', 'startup', '+1447']"
97,2022-07-07,"The move comes just after the crypto lender reclaimed $450 million of collateral in WBTC, closing its loan from DeFi lending protocol Maker, blockchain data shows.",en,"{'id': None, 'name': 'CoinDesk'}","Beleaguered crypto lender Celsius deposited $500 million in wrapped bitcoin (WBTC), a bitcoin derivative product of the Ethereum blockchain, to crypto exchange FTX just hours after it repaid its debt… [+1680 chars]",Celsius Sends $500M of Bitcoin Derivative to Crypto Exchange After Debt Payoff,https://www.coindesk.com/markets/2022/07/07/celsius-sends-500m-of-bitcoin-derivative-to-crypto-exchange-after-debt-payoff/,-0.3612,0.0,0.815,0.185,-1,0.0,0.0,1.0,0.0,0,"['Beleaguered', 'crypto', 'lender', 'Celsius', 'deposited', 'million', 'wrapped', 'bitcoin', 'WBTC', 'bitcoin', 'derivative', 'product', 'Ethereum', 'blockchain', 'crypto', 'exchange', 'FTX', 'hour', 'repaid', 'debt…', '+1680']"
98,2022-06-24,"Bored & Hungry is a magnet for fans of Bored Ape NFTs and other crypto projects. But with prices cratering, the Long Beach burger joint no longer lets...",en,"{'id': None, 'name': 'Yahoo Entertainment'}","Bored &amp; Hungry is a Long Beach fast-food spot that's built a brand around crypto culture even if customers can't actually pay in crypto. (Brian Contreras / Los Angeles Times)
When Bored &amp; Hu… [+6323 chars]",The crypto-themed restaurant that no longer accepts crypto,https://finance.yahoo.com/news/crypto-themed-restaurant-no-longer-120024477.html,0.0258,0.219,0.571,0.21,0,-0.4412,0.037,0.845,0.118,-1,"['Bored', 'Hungry', 'Long', 'Beach', 'fast-food', 'spot', 'built', 'brand', 'around', 'crypto', 'culture', 'even', 'customer', 'ca', 'actually', 'pay', 'crypto', 'Brian', 'Contreras', 'Los', 'Angeles', 'Times', 'Bored', 'Hu…', '+6323']"
99,2022-06-28,"Geometry, a research and investment firm focused on zero-knowledge privacy technology and backed by hedge fund billionaire Alan Howard, has emerged from stealth mode.",en,"{'id': None, 'name': 'CoinDesk'}","Geometry, a research and investment firm focused on zero-knowledge privacy technology and backed by hedge fund billionaire Alan Howard, has emerged from stealth mode.
The firm, which has been runnin… [+1732 chars]",Alan Howard-Backed Cryptography Investor Geometry Emerges From Stealth,https://www.coindesk.com/business/2022/06/28/alan-howard-backed-cryptography-investor-geometry-emerges-from-stealth/,-0.0772,0.0,0.843,0.157,-1,0.34,0.112,0.848,0.039,1,"['Geometry', 'research', 'investment', 'firm', 'focused', 'zero-knowledge', 'privacy', 'technology', 'backed', 'hedge', 'fund', 'billionaire', 'Alan', 'Howard', 'emerged', 'stealth', 'mode', 'firm', 'runnin…', '+1732']"
